Workbook

Sheet README
A1: SOTA Analysis: ML/DL Intrusion Detection for IoT (CICIoT2023)
A3: Companion workbook to the SOTA analysis paper. Built from the 20 papers in the literature review.
A5: Sheets:
A6: Summary - formula-driven headline statistics and chart (no inputs).
A7: Results_CICIoT2023 - every CICIoT2023 accuracy figure reported by the experimental studies (inputs in blue).
A8: SOTA_by_Task - best reported result per task, with caveats.
A9: Method_Families - boosted trees, deep learning and ensembles, with head-to-head and ensemble-gain calculations.
A10: Efficiency - latency normalised to microseconds, plus feature-reduction effect.
A11: Credibility - evidence-quality matrix and score per study.
A12: No_SOTA_Yet - capabilities with no established state of the art.
A13: Studies - the 20 included studies.
A15: Colour legend: blue text = value taken from a paper (input); black text = formula or label.
... A25: 8. Latency units differ between papers (microseconds per sample vs milliseconds per detection); see Efficiency.

Sheet Summary
A1: Summary: CICIoT2023 reported accuracy
A3: Statistic | B3: Value
A4: Reported results entered | B4: =COUNTA(Results_CICIoT2023!$B$2:$B$14) -> 13
A5: Distinct studies | B5: =SUMPRODUCT(1/COUNTIF(Results_CICIoT2023!$B$2:$B$14,Results_CICIoT2023!$B$2:$B$14)) -> 9
A6: Highest accuracy | B6: =MAX(Results_CICIoT2023!$I$2:$I$14) -> 0.99995
A7: Lowest accuracy | B7: =MIN(Results_CICIoT2023!$I$2:$I$14) -> 0.7688
A8: Spread (percentage points) | B8: =(B6-B7)*100 -> 23.115
A9: Median accuracy | B9: =MEDIAN(Results_CICIoT2023!$I$2:$I$14) -> 0.994
A10: Results with natural-distribution test | B10: =COUNTIF(Results_CICIoT2023!$L$2:$L$14,"Yes") -> 2
A11: Lowest accuracy among natural-distribution results | B11: =_xlfn.MINIFS(Results_CICIoT2023!$I$2:$I$14,Results_CICIoT2023!$L$2:$L$14,"Yes") -> 0.7688
A12: Highest accuracy among natural-distribution results | B12: =_xlfn.MAXIFS(Results_CICIoT2023!$I$2:$I$14,Results_CICIoT2023!$L$2:$L$14,"Yes") -> 0.9996
A13: Results at or above 99% | B13: =COUNTIF(Results_CICIoT2023!$I$2:$I$14,">=0.99") -> 8
A14: Share of results at or above 99% | B14: =B13/B4 -> 0.61538462
A16: Highest reported accuracy by task
A17: Task | B17: Highest accuracy | C17: Study
A18: Binary | B18: =_xlfn.MAXIFS(Results_CICIoT2023!$I$2:$I$14,Results_CICIoT2023!$D$2:$D$14,A18) -> 0.99995 | C18: =INDEX(Results_CICIoT2023!$B$2:$B$14,SUMPRODUCT(MAX((Results_CICIoT2023!$D$2:$D$14=A18)*(Results_CICIoT2023!$I$2:$I$14=B18)*(ROW(Results_CICIoT2023!$D$2:$D$14)-1)))) -> Yaras & Dener
A19: 8-class | B19: =_xlfn.MAXIFS(Results_CICIoT2023!$I$2:$I$14,Results_CICIoT2023!$D$2:$D$14,A19) -> 0.994 | C19: =INDEX(Results_CICIoT2023!$B$2:$B$14,SUMPRODUCT(MAX((Results_CICIoT2023!$D$2:$D$14=A19)*(Results_CICIoT2023!$I$2:$I$14=B19)*(ROW(Results_CICIoT2023!$D$2:$D$14)-1)))) -> Almahaqeri et al.
A20: 34-class | B20: =_xlfn.MAXIFS(Results_CICIoT2023!$I$2:$I$14,Results_CICIoT2023!$D$2:$D$14,A20) -> 0.994 | C20: =INDEX(Results_CICIoT2023!$B$2:$B$14,SUMPRODUCT(MAX((Results_CICIoT2023!$D$2:$D$14=A20)*(Results_CICIoT2023!$I$2:$I$14=B20)*(ROW(Results_CICIoT2023!$D$2:$D$14)-1)))) -> Almahaqeri et al.
A21: 20-class | B21: =_xlfn.MAXIFS(Results_CICIoT2023!$I$2:$I$14,Results_CICIoT2023!$D$2:$D$14,A21) -> 0.9996 | C21: =INDEX(Results_CICIoT2023!$B$2:$B$14,SUMPRODUCT(MAX((Results_CICIoT2023!$D$2:$D$14=A21)*(Results_CICIoT2023!$I$2:$I$14=B21)*(ROW(Results_CICIoT2023!$D$2:$D$14)-1)))) -> Hajjouz & Avksentieva
A22: 6-class | B22: =_xlfn.MAXIFS(Results_CICIoT2023!$I$2:$I$14,Results_CICIoT2023!$D$2:$D$14,A22) -> 0.9602 | C22: =INDEX(Results_CICIoT2023!$B$2:$B$14,SUMPRODUCT(MAX((Results_CICIoT2023!$D$2:$D$14=A22)*(Results_CICIoT2023!$I$2:$I$14=B22)*(ROW(Results_CICIoT2023!$D$2:$D$14)-1)))) -> Imran et al.
A23: Multiclass (other) | B23: =_xlfn.MAXIFS(Results_CICIoT2023!$I$2:$I$14,Results_CICIoT2023!$D$2:$D$14,A23) -> 0.9996 | C23: =INDEX(Results_CICIoT2023!$B$2:$B$14,SUMPRODUCT(MAX((Results_CICIoT2023!$D$2:$D$14=A23)*(Results_CICIoT2023!$I$2:$I$14=B23)*(ROW(Results_CICIoT2023!$D$2:$D$14)-1)))) -> Yaras & Dener
A25: Note: '8-class' and '34-class' entries for Almahaqeri et al. are lower bounds (paper states accuracy exceeds 99.4%).

Sheet Paper_Summaries
A1: ID | B1: Study | C1: Year | D1: Aim | E1: Method and data | F1: Main results | G1: Main limitation
A2: 1 | B2: Poltoratskyi & Gavrylenko | C2: 2026 | D2: Review the evolution of IDS from 2020 to 2025. | E2: Taxonomy by detection method, deployment, data source and response; analysis of modern datasets (ROAD, Edge-IIoT-2022, CICIoT2023, CICIoMT2024, CREMEv2, RT-IoT2022) and of ML, DL, hybrid and federated approaches. | F2: Accuracy above 98% is common on benchmarks, but imbalance, zero-day detection, scalability and privacy remain open; recommends MCC, F1, AUC-PR and operational metrics. | G2: Narrative synthesis; no screening counts reported.
A3: 2 | B3: Rivandi & Oskouei | C3: 2025 | D3: Detect attacks in mobile social (ad hoc) networks. | E3: Social-network metrics (betweenness, degree) in ego networks with a normal profile and a two-standard-deviation threshold; NS2 simulation, 30 nodes, AODV, four attacks (packet drop, black hole, sleep deprivation, TCP SYN). | F3: Single-node detection 99.8-99.9%; detection delay 0.424 s vs 1.051 s for an Apriori-based IDS; fewer rules. | G3: Small simulation; no IoT benchmark data; multi-node detection only 40-61%.
A4: 3 | B4: Meena & Indian | C4: 2025 | D4: Compare IDS methods across datasets with an enhanced LSTM. | E4: Two LSTM layers of 100 units, flatten and softmax output, 20 epochs, Adam; compared with logistic regression, AdaBoost, DNN, RNN on KDD-Cup'99, NSL-KDD, UNSW-NB15, CICIoT2023. | F4: 98.58% accuracy on CICIoT2023 (34 classes) vs 98.26% DNN and 98.25% RNN. | G4: Figures differ between tables; small margin over simple DL baselines.
A5: 4 | B5: Kwari & Rajkumar | C5: 2025 | D5: Evaluate a lightweight soft-voting ensemble under natural imbalance. | E5: Logistic regression, random forest and AdaBoost; 100,000 CICIoT2023 samples (80,000 train, 20,000 test); no resampling. | F5: 76.88% accuracy; macro-F1 0.54 (weighted F1 0.74); flooding and Mirai classes near F1 1.00; rare classes 0.00. | G5: Subset, single split, no mitigation tested.
A6: 5 | B6: Salakhutdinov | C6: n.d. | D6: Critically review AI and DL for IoT network intrusion detection. | E6: Targeted review of architectures, learning strategies and datasets (N-BaIoT, Bot-IoT, TON_IoT, Edge-IIoTset, CICIoT2023). | F6: Conceptual framework separating anomaly detection from intrusion classification, adding explainability, decision support and governed adaptation. | G6: Framework not experimentally validated; venue not stated.
A7: 6 | B7: Imran et al. | C7: 2026 | D7: An explainable IDS comparing six models. | E7: Decision tree, random forest, XGBoost, CNN, LSTM, Transformer on 18,000 samples with six harmonised classes from CICIoT2023 and IoT-23; SHAP and LIME. | F7: LSTM best: 96.02% accuracy, F1 94.69%, ROC-AUC 0.97; top features flow duration, packet rate, bytes per second. | G7: Small sample; qualitative XAI evaluation; some text inconsistencies.
A8: 7 | B8: Hajjouz & Avksentieva | C8: 2024 | D8: Detect DoS, DDoS and Mirai subtypes. | E8: Full CICIoT2023 (45.8 million flows); Spearman clustering to 23 features; class weights; CatBoost; six-fold stratified validation; SHAP. | F8: 99.96% accuracy, precision, recall and F1 on 20 classes; 7.16e-07 s per flow. | G8: Excludes other attack families; macro-F1 not reported.
A9: 8 | B9: Winanto & Idris | C9: 2026 | D9: Review adversarial robustness of DL-based IDS. | E9: PRISMA 2020; 5,890 records, 252 full texts, 216 studies (2020 to March 2026). | F9: FGSM in 76.9% of studies; adversarial training 61.6%; black-box attacks and certified defences rare; CICIoT2023 under 5%. | G9: Single-reviewer screening calibrated on a 50-record sample (kappa 0.81).
A10: 9 | B10: Erskine | C10: 2025 | D10: A combined detection and prevention model. | E10: Deep-learning MLP (DLMIDPSM) trained on over 80% of CICIoT2023. | F10: Accuracy above 85%; 99% precision on Mirai traffic. | G10: Prevention judged by confusion-matrix values, not a blocking test.
A11: 10 | B11: Diana et al. | C11: 2025 | D11: Overview of IDS for network security. | E11: Review of architectures, detection techniques, datasets and deployment in cloud, virtualised, IoT and industrial networks. | F11: Scalability and false alarms remain open; AI/ML and blockchain are promising directions. | G11: Narrative review.
A12: 11 | B12: Yaras & Dener | C12: 2024 | D12: Detect DDoS attacks in a big-data setting. | E12: Hybrid 1D-CNN + LSTM in PySpark with correlation-based feature reduction on CICIoT2023 and TON_IoT; compared with ten algorithms. | F12: 99.995% binary and 99.96% multiclass on CICIoT2023; 98.75% binary on TON_IoT. | G12: Long training on large data; balancing not recorded.
A13: 12 | B13: Mughogho | C13: 2025 | D13: An ML-based IoT IDS using an ensemble. | E13: Mutual-information feature selection; decision tree, random forest, XGBoost and soft voting on CICIoT2023. | F13: 99.80% binary and 99.25% multiclass for the ensemble; members correctly pass only 89-93% of benign flows in binary detection. | G13: MSc project; gains over members only 0.1-0.3 points.
A14: 13 | B14: Ahmed et al. | C14: 2026 | D14: Systematic review of ML-based IDS. | E14: PRISMA; 22,558 records, 125 papers (January 2022 to May 2025). | F14: Five themes (ensemble/hybrid, context-specific, data-centric, deep architectures, trustworthiness); about 2% use XAI, 4% test robustness, none validates in production. | G14: Three databases searched.
A15: 14 | B15: Bunko et al. | C15: 2026 | D15: Survey privacy-preserving federated learning for IDS. | E15: Review of FL-IDS work and protections such as encryption, differential privacy and secure aggregation. | F15: Most work only keeps raw data local; inference and poisoning attacks remain. | G15: Survey, no experiments.
A16: 15 | B16: Mondragon et al. | C16: 2025 | D16: A standard benchmark for flow-based IDS. | E16: 14 datasets with fixed splits and seven algorithm categories compared by macro-F1. | F16: CFC best overall, followed by LCCDE and a fully connected network; LITNET (real traffic) gives the lowest scores. | G16: RBM and GNN methods limited by tuning cost; no single recommended subset.
A17: 16 | B17: Almahaqeri et al. | C17: 2026 | D17: Efficient gradient boosting for edge IDS. | E17: XGBoost, LightGBM, CatBoost on CICIoT2023 for binary, 8-class and 34-class tasks; stratified undersampling; gain-based selection (46 to 23 features). | F17: XGBoost 99.61% accuracy and 0.995 macro-F1 binary at 0.355 microseconds per sample; latency cut 30-51%. | G17: Undersampled evaluation; single dataset; flow-level only.
A18: 17 | B18: Khan et al. | C18: 2026 | D18: A resource-efficient IoT IDS. | E18: BGL-RID (Boruta, greedy forward selection, SMOTE, LightGBM) on TON_IoT, a Raspberry Pi dataset, CICIDS2018 and CICIoT2023. | F18: 98.88% on CICIoT2023; 99.94% CICIDS2018; 99.91% Raspberry Pi; 99.72% binary and 98.94% multiclass on TON_IoT; best efficiency ratio. | G18: SMOTE; small abstract/conclusion mismatch.
... A21: 20 | B21: Mishra & Reddy | C21: 2026 | D21: A federated hybrid DL framework for IoT IDS. | E21: N-BaIoT, CICIoT2023, BoT-IoT; preprocessing, balancing and individual-dataset training with CNN, LSTM, BiLSTM, attention, tiny Transformer, random forest, XGBoost, deep-feature XGBoost. | F21: XGBoost-based models strongest (0.921 accuracy, 0.858 F1, macro-averaged); CICIoT2023 hardest multiclass setting. | G21: Preprint; federated stage not yet run.
B23: Figures are as reported by the authors; blue = entered from the papers. Thirteen papers were read from extracted text focusing on abstracts, methods, results and conclusions.

Sheet Results_CICIoT2023
A1: ID | B1: Study | C1: Year | D1: Task | E1: Label set | F1: Samples | G1: Rebalancing | H1: Best model | I1: Accuracy | J1: Accuracy basis | K1: Macro-F1 | L1: Natural-distribution test | M1: Caveat | N1: Chart label | O1: Rank
A2: 1 | B2: Kwari & Rajkumar | C2: 2025 | D2: 34-class | E2: 34 classes | F2: 100000 | G2: None | H2: Soft-voting (LR, RF, AdaBoost) | I2: 0.7688 | J2: Exact | K2: 0.54 | L2: Yes | M2: Subset; single split; rare classes F1 = 0 | N2: =B2&" ("&D2&")" -> Kwari & Rajkumar (34-class) | O2: =RANK(I2,$I$2:$I$14) -> 13
A3: 2 | B3: Erskine | C3: 2025 | D3: Multiclass (other) | E3: Not stated | G3: Not recorded | H3: DLMLP (DLMIDPSM) | I3: 0.85 | J3: Lower bound | L3: Not recorded | M3: Paper says 'above 85%'; 99% precision on Mirai | N3: =B3&" ("&D3&")" -> Erskine (Multiclass (other)) | O3: =RANK(I3,$I$2:$I$14) -> 12
A4: 3 | B4: Imran et al. | C4: 2026 | D4: 6-class | E4: 6 harmonised classes | F4: 18000 | G4: Not recorded | H4: LSTM | I4: 0.9602 | J4: Exact | L4: Not recorded | M4: CICIoT2023 + IoT-23 merged; F1 0.9469 | N4: =B4&" ("&D4&")" -> Imran et al. (6-class) | O4: =RANK(I4,$I$2:$I$14) -> 11
A5: 4 | B5: Meena & Indian | C5: 2025 | D5: 34-class | E5: 34 classes | F5: 2540044 | G5: Not recorded | H5: Enhanced LSTM | I5: 0.9858 | J5: Exact | L5: Not recorded | M5: Plain DNN 0.9826; table values inconsistent elsewhere in paper | N5: =B5&" ("&D5&")" -> Meena & Indian (34-class) | O5: =RANK(I5,$I$2:$I$14) -> 10
A6: 5 | B6: Khan et al. | C6: 2026 | D6: Multiclass (other) | E6: Multiclass | G6: SMOTE | H6: BGL-RID (LightGBM) | I6: 0.9888 | J6: Exact | L6: Not recorded | M6: SMOTE applied; efficiency ratio reported | N6: =B6&" ("&D6&")" -> Khan et al. (Multiclass (other)) | O6: =RANK(I6,$I$2:$I$14) -> 9
A7: 6 | B7: Mughogho | C7: 2025 | D7: Multiclass (other) | E7: Multiclass | G7: Not recorded | H7: Soft-voting (DT, RF, XGBoost) | I7: 0.9925 | J7: Exact | L7: Not recorded | M7: MSc project; DT 0.9911 | N7: =B7&" ("&D7&")" -> Mughogho (Multiclass (other)) | O7: =RANK(I7,$I$2:$I$14) -> 8
A8: 7 | B8: Almahaqeri et al. | C8: 2026 | D8: 34-class | E8: 34 classes | G8: Stratified undersampling | H8: XGBoost / gradient boosting | I8: 0.994 | J8: Lower bound | L8: No | M8: Paper says accuracy exceeds 99.4% across tasks; undersampled test | N8: =B8&" ("&D8&")" -> Almahaqeri et al. (34-class) | O8: =RANK(I8,$I$2:$I$14) -> 6
A9: 8 | B9: Almahaqeri et al. | C9: 2026 | D9: 8-class | E9: 8 attack families | G9: Stratified undersampling | H9: XGBoost / gradient boosting | I9: 0.994 | J9: Lower bound | L9: No | M9: Paper says accuracy exceeds 99.4% across tasks; undersampled test | N9: =B9&" ("&D9&")" -> Almahaqeri et al. (8-class) | O9: =RANK(I9,$I$2:$I$14) -> 6
A10: 9 | B10: Mughogho | C10: 2025 | D10: Binary | E10: Benign vs attack | G10: Not recorded | H10: Soft-voting (DT, RF, XGBoost) | I10: 0.998 | J10: Exact | L10: Not recorded | M10: Benign recall of members 89-93% | N10: =B10&" ("&D10&")" -> Mughogho (Binary) | O10: =RANK(I10,$I$2:$I$14) -> 4
A11: 10 | B11: Almahaqeri et al. | C11: 2026 | D11: Binary | E11: Benign vs attack | G11: Stratified undersampling | H11: XGBoost | I11: 0.9961 | J11: Exact | K11: 0.995 | L11: No | M11: 0.355 microseconds per sample | N11: =B11&" ("&D11&")" -> Almahaqeri et al. (Binary) | O11: =RANK(I11,$I$2:$I$14) -> 5
A12: 11 | B12: Yaras & Dener | C12: 2024 | D12: Multiclass (other) | E12: Multiclass | G12: Not recorded | H12: 1D-CNN + LSTM (PySpark) | I12: 0.9996 | J12: Exact | L12: Not recorded | M12: Class count not recorded | N12: =B12&" ("&D12&")" -> Yaras & Dener (Multiclass (other)) | O12: =RANK(I12,$I$2:$I$14) -> 2
A13: 12 | B13: Hajjouz & Avksentieva | C13: 2024 | D13: 20-class | E13: 20 classes (DoS, DDoS, Mirai, benign) | F13: 45807617 | G13: Class weights | H13: CatBoost | I13: 0.9996 | J13: Exact | L13: Yes | M13: Stratified split; six-fold validation; macro-F1 not reported | N13: =B13&" ("&D13&")" -> Hajjouz & Avksentieva (20-class) | O13: =RANK(I13,$I$2:$I$14) -> 2
A14: 13 | B14: Yaras & Dener | C14: 2024 | D14: Binary | E14: Benign vs attack | G14: Not recorded | H14: 1D-CNN + LSTM (PySpark) | I14: 0.99995 | J14: Exact | L14: Not recorded | M14: Subset and balancing not recorded | N14: =B14&" ("&D14&")" -> Yaras & Dener (Binary) | O14: =RANK(I14,$I$2:$I$14) -> 1

Sheet SOTA_by_Task
A1: Task | B1: Highest reported accuracy | C1: Study and model | D1: Setup caveat | E1: Comparable to real traffic?
A2: Binary | B2: 0.99995 | C2: Yaras & Dener (2024), 1D-CNN + LSTM | D2: Subset and balancing not recorded | E2: Unclear
A3: Binary | B3: 0.998 | C3: Mughogho (2025), soft-voting ensemble | D3: Benign-class recall of members only 89-93% | E3: Unclear
A4: Binary | B4: 0.9961 | C4: Almahaqeri et al. (2026), XGBoost (macro-F1 0.995) | D4: Undersampled evaluation | E4: No
A5: 8-class (attack family) | B5: 0.994 | C5: Almahaqeri et al. (2026), gradient boosting (lower bound) | D5: Undersampled evaluation | E5: No
A6: 34-class (fine-grained) | B6: 0.994 | C6: Almahaqeri et al. (2026), gradient boosting (lower bound) | D6: Undersampled evaluation | E6: No
A7: 34-class (fine-grained) | B7: 0.9858 | C7: Meena & Indian (2025), enhanced LSTM | D7: Subset of about 2.54 million records | E7: Unclear
A8: 20-class (DoS, DDoS, Mirai, benign) | B8: 0.9996 | C8: Hajjouz & Avksentieva (2024), CatBoost | D8: Full 45.8 million flows; stratified split; six-fold validation | E8: Closest
A9: 34-class, natural imbalance | B9: 0.7688 | C9: Kwari & Rajkumar (2025), soft-voting ensemble (macro-F1 0.54) | D9: 100,000-sample subset; no rebalancing | E9: Yes
A10: 6 harmonised classes | B10: 0.9602 | C10: Imran et al. (2026), LSTM | D10: 18,000 samples from two datasets | E10: Unclear

Sheet Method_Families
A1: Family | B1: Best reported result | C1: Study | D1: Typical cost | E1: Evidence note
A2: Boosted trees + feature selection | B2: 99.96% (20 classes); 99.61% binary; 98.88% multiclass | C2: Hajjouz & Avksentieva; Almahaqeri et al.; Khan et al. | D2: About 0.36-0.72 microseconds per sample; 23 features | E2: Most consistent top performers; features halved with at most 0.014 point accuracy change
A3: Deep learning (CNN/LSTM hybrids) | B3: 99.995% binary; 99.96% multiclass; 98.58% on 34 classes | C3: Yaras & Dener; Meena & Indian | D3: 8-95 ms per detection in Imran et al. (LSTM 78 ms) | E3: Strong, but advantage clear mainly against weak baselines
A4: Voting ensembles | B4: 76.88% (34 classes); 99.80% binary | C4: Kwari & Rajkumar; Mughogho | D4: Low | E4: Small, consistent gains over members; effect smaller than label-set or rebalancing effect
A7: Head-to-head comparisons (accuracy as reported)
A8: Study | B8: Deep model | C8: Deep accuracy | D8: Tree model | E8: Tree accuracy | F8: Deep minus tree (points) | G8: Winner
A9: Imran et al. (2026): 6 classes, 18k samples | B9: LSTM | C9: 0.9602 | D9: XGBoost | E9: 0.9238 | F9: =(C9-E9)*100 -> 3.64 | G9: =IF(C9>E9,"Deep model","Tree-based model") -> Deep model
A10: Mishra & Reddy (2026): macro avg, 3 datasets (preprint) | B10: Hybrid CNN-BiLSTM-attention-Transformer | C10: 0.898 | D10: Hybrid deep-feature XGBoost | E10: 0.9211 | F10: =(C10-E10)*100 -> -2.31 | G10: =IF(C10>E10,"Deep model","Tree-based model") -> Tree-based model
A13: Ensemble gain over best single member
A14: Study and task | B14: Ensemble accuracy | C14: Best member accuracy | D14: Gain (points)
A15: Kwari & Rajkumar (2025), 34 classes | B15: 0.7688 | C15: 0.7515 | D15: =(B15-C15)*100 -> 1.73
A16: Mughogho (2025), binary | B16: 0.998 | C16: 0.9969 | D16: =(B16-C16)*100 -> 0.11
A17: Mughogho (2025), multiclass | B17: 0.9925 | C17: 0.9911 | D17: =(B17-C17)*100 -> 0.14
A18: Average ensemble gain (points) | D18: =AVERAGE(D15:D17) -> 0.66
A20: Note: Mughogho binary best member = decision tree (0.9969); multiclass best member = decision tree (0.9911); Kwari best member = logistic regression (0.7515).

Sheet Efficiency
A1: Study | B1: Model | C1: Reported value | D1: Unit (us / ms / s) | E1: Value in microseconds | F1: Relative to fastest in its group | G1: Basis / caveat
A2: Almahaqeri et al. (2026) | B2: XGBoost, 23 features | C2: 0.355 | D2: us | E2: =C2*IF(D2="s",1000000,IF(D2="ms",1000,1)) -> 0.355 | F2: =E2/MIN($E$2:$E$3) -> 1 | G2: Per sample, binary, batch evaluation
A3: Hajjouz & Avksentieva (2024) | B3: CatBoost, 23 features | C3: 7.16e-07 | D3: s | E3: =C3*IF(D3="s",1000000,IF(D3="ms",1000,1)) -> 0.716 | F3: =E3/MIN($E$2:$E$3) -> 2.0169014 | G3: Per flow; total test time 9.84 s
A4: Imran et al. (2026) | B4: Decision tree | C4: 8 | D4: ms | E4: =C4*IF(D4="s",1000000,IF(D4="ms",1000,1)) -> 8000 | F4: =E4/MIN($E$4:$E$9) -> 1 | G4: Detection time (different measure)
A5: Imran et al. (2026) | B5: Random forest | C5: 12 | D5: ms | E5: =C5*IF(D5="s",1000000,IF(D5="ms",1000,1)) -> 12000 | F5: =E5/MIN($E$4:$E$9) -> 1.5 | G5: Detection time (different measure)
A6: Imran et al. (2026) | B6: XGBoost | C6: 18 | D6: ms | E6: =C6*IF(D6="s",1000000,IF(D6="ms",1000,1)) -> 18000 | F6: =E6/MIN($E$4:$E$9) -> 2.25 | G6: Detection time (different measure)
A7: Imran et al. (2026) | B7: CNN | C7: 45 | D7: ms | E7: =C7*IF(D7="s",1000000,IF(D7="ms",1000,1)) -> 45000 | F7: =E7/MIN($E$4:$E$9) -> 5.625 | G7: Detection time (different measure)
A8: Imran et al. (2026) | B8: LSTM | C8: 78 | D8: ms | E8: =C8*IF(D8="s",1000000,IF(D8="ms",1000,1)) -> 78000 | F8: =E8/MIN($E$4:$E$9) -> 9.75 | G8: Detection time (different measure)
A9: Imran et al. (2026) | B9: Transformer | C9: 95 | D9: ms | E9: =C9*IF(D9="s",1000000,IF(D9="ms",1000,1)) -> 95000 | F9: =E9/MIN($E$4:$E$9) -> 11.875 | G9: Detection time (different measure)
A11: Caution: the microsecond figures (rows 2-3) are per-sample times in batch evaluation; Imran et al. report per-detection times in ms. Compare within each group, not across them.
A13: Feature-reduction effect (Almahaqeri et al., 2026)
A14: Item | B14: Value | C14: Note
A15: Features before selection | B15: 46 | C15: Reported in paper
A16: Features after selection | B16: 23 | C16: Reported in paper
A17: Feature reduction | B17: =1-B16/B15 -> 0.5 | C17: Calculated
A18: Inference latency reduction (low) | B18: 0.3 | C18: Reported range 30-51%
A19: Inference latency reduction (high) | B19: 0.51 | C19: Reported range 30-51%
A20: Training time reduction (low) | B20: 0.33 | C20: Reported range 33-40%
A21: Training time reduction (high) | B21: 0.4 | C21: Reported range 33-40%
A22: Max accuracy change (percentage points) | B22: 0.014 | C22: Reported 'within +/- 0.014 points'

Sheet Credibility
A1: Study | B1: Natural-distribution test | C1: Macro or per-class metrics | D1: Repeated runs | E1: Cost reported | F1: Multiple datasets | G1: Criteria met (of 5) | H1: Credibility band
A2: Kwari & Rajkumar (2025) | B2: Yes | C2: Yes | D2: No | E2: No | F2: No | G2: =COUNTIF(B2:F2,"Yes") -> 2 | H2: =IF(G2>=4,"High",IF(G2>=2,"Medium","Low")) -> Medium
A3: Hajjouz & Avksentieva (2024) | B3: Yes | C3: Partial | D3: Yes | E3: Yes | F3: No | G3: =COUNTIF(B3:F3,"Yes") -> 3 | H3: =IF(G3>=4,"High",IF(G3>=2,"Medium","Low")) -> Medium
A4: Almahaqeri et al. (2026) | B4: No | C4: Yes | D4: Not recorded | E4: Yes | F4: No | G4: =COUNTIF(B4:F4,"Yes") -> 2 | H4: =IF(G4>=4,"High",IF(G4>=2,"Medium","Low")) -> Medium
A5: Imran et al. (2026) | B5: Not recorded | C5: Partial | D5: Yes | E5: Yes | F5: Yes | G5: =COUNTIF(B5:F5,"Yes") -> 3 | H5: =IF(G5>=4,"High",IF(G5>=2,"Medium","Low")) -> Medium
A6: Khan et al. (2026) | B6: Not recorded | C6: Not recorded | D6: Not recorded | E6: Yes | F6: Yes | G6: =COUNTIF(B6:F6,"Yes") -> 2 | H6: =IF(G6>=4,"High",IF(G6>=2,"Medium","Low")) -> Medium
A7: Mondragon et al. (2025) | B7: Not recorded | C7: Yes | D7: Not recorded | E7: Not recorded | F7: Yes | G7: =COUNTIF(B7:F7,"Yes") -> 2 | H7: =IF(G7>=4,"High",IF(G7>=2,"Medium","Low")) -> Medium
A9: Scoring: 'Yes' = 1; 'Partial', 'No' and 'Not recorded' = 0. Based on the paper text I read; 'Not recorded' is not a finding of omission. Bands: High = 4-5 criteria, Medium = 2-3, Low = 0-1.
A10: Studies meeting all 5 criteria: | B10: =COUNTIF(G2:G7,5) -> 0
A11: Highest criteria met: | B11: =MAX(G2:G7) -> 3

Sheet No_SOTA_Yet
A1: Capability | B1: Evidence in the 20 studies | C1: Status
A2: Explainability | B2: SHAP/LIME used (Imran et al.; Hajjouz & Avksentieva). Top features differ between studies: flow duration, packet rate, bytes/s vs IAT, SYN flag count, total size | C2: Qualitative only; no fidelity or stability numbers
A3: Adversarial robustness | B3: Under 5% of 216 robustness studies use CICIoT2023 (Winanto & Idris, 2026); about 4% of ML-IDS papers test robustness (Ahmed et al., 2026) | C3: No CICIoT2023 result here is robustness-tested
A4: Federated, privacy-preserving training | B4: Federated stage of Mishra & Reddy not yet run; most FL-IDS work stops at data locality (Bunko et al., 2026) | C4: No validated result
A5: Production or streaming validation | B5: None of 125 reviewed ML-IDS papers validates in production (Ahmed et al., 2026) | C5: No result
A6: Cross-dataset generalisation | B6: Best method changes by dataset; real-traffic LITNET scores lowest (Mondragon et al., 2025) | C6: Evidence against a universal best model

Sheet Studies
A1: # | B1: Study | C1: Year | D1: Type | E1: Data | F1: Main focus | G1: Uses CICIoT2023?
A2: 1 | B2: Poltoratskyi & Gavrylenko | C2: 2026 | D2: Review | E2: Many datasets | F2: IDS evolution, taxonomy, datasets, metrics | G2: Discussed
A3: 2 | B3: Rivandi & Oskouei | C3: 2025 | D3: Experimental | E3: NS2 simulation | F3: Social-network IDS for ad hoc networks | G3: No
A4: 3 | B4: Meena & Indian | C4: 2025 | D4: Experimental | E4: KDD'99, NSL-KDD, UNSW-NB15, CICIoT2023 | F4: Enhanced LSTM | G4: Yes
A5: 4 | B5: Kwari & Rajkumar | C5: 2025 | D5: Experimental | E5: CICIoT2023 | F5: Soft-voting ensemble, imbalance analysis | G5: Yes
A6: 5 | B6: Salakhutdinov | D6: Review | E6: IoT datasets | F6: Conceptual deployment framework | G6: Discussed
A7: 6 | B7: Imran et al. | C7: 2026 | D7: Experimental | E7: CICIoT2023, IoT-23 | F7: Six models with SHAP and LIME | G7: Yes
A8: 7 | B8: Hajjouz & Avksentieva | C8: 2024 | D8: Experimental | E8: CICIoT2023 | F8: CatBoost, hierarchical feature selection | G8: Yes
A9: 8 | B9: Winanto & Idris | C9: 2026 | D9: Systematic review | E9: 216 studies | F9: Adversarial robustness of DL-IDS | G9: Discussed
A10: 9 | B10: Erskine | C10: 2025 | D10: Experimental | E10: CICIoT2023 | F10: DLMLP detection and prevention | G10: Yes
A11: 10 | B11: Diana et al. | C11: 2025 | D11: Review | E11: General | F11: IDS architectures, techniques, environments | G11: No
A12: 11 | B12: Yaras & Dener | C12: 2024 | D12: Experimental | E12: CICIoT2023, TON_IoT | F12: Hybrid 1D-CNN and LSTM in PySpark | G12: Yes
A13: 12 | B13: Mughogho | C13: 2025 | D13: Experimental (MSc) | E13: CICIoT2023 | F13: Soft-voting ensemble, binary and multiclass | G13: Yes
A14: 13 | B14: Ahmed et al. | C14: 2026 | D14: Systematic review | E14: 125 studies | F14: ML-IDS themes and gaps | G14: Discussed
A15: 14 | B15: Bunko et al. | C15: 2026 | D15: Survey | E15: FL-IDS literature | F15: Privacy-preserving federated learning | G15: Discussed
A16: 15 | B16: Mondragon et al. | C16: 2025 | D16: Benchmark | E16: 14 flow datasets | F16: Seven algorithm categories by macro-F1 | G16: Not recorded
A17: 16 | B17: Almahaqeri et al. | C17: 2026 | D17: Experimental | E17: CICIoT2023 | F17: Gradient boosting, feature selection, latency | G17: Yes
A18: 17 | B18: Khan et al. | C18: 2026 | D18: Experimental | E18: TON_IoT, Raspberry Pi, CICIDS2018, CICIoT2023 | F18: Resource-efficient BGL-RID | G18: Yes
... A21: 20 | B21: Mishra & Reddy | C21: 2026 | D21: Experimental (preprint) | E21: N-BaIoT, CICIoT2023, BoT-IoT | F21: Federated hybrid deep learning (partial) | G21: Yes
B23: Reviews/surveys | C23: =COUNTIF(D2:D21,"Review")+COUNTIF(D2:D21,"Survey")+COUNTIF(D2:D21,"Systematic review") -> 8
B24: Experimental | C24: =COUNTIF(D2:D21,"Experimental*") -> 11
B25: Benchmark | C25: =COUNTIF(D2:D21,"Benchmark") -> 1
B26: Total | C26: =SUM(C23:C25) -> 20
B27: Experimental using CICIoT2023 | C27: =COUNTIFS(D2:D21,"Experimental*",G2:G21,"Yes") -> 10
